{"cameraMode":{"drawMode":0,"name":"Shaded","section":"Shading Mode"},"sceneLighting":true,"audioPlay":false,"sceneViewState":{"m_AlwaysRefresh":false,"showFog":true,"showSkybox":true,"showFlares":true,"showImageEffects":true,"showParticleSystems":true,"showVisualEffectGraphs":true,"m_FxEnabled":true},"in2DMode":false,"pivot":{"x":-3.1253557205200197,"y":0.8763964176177979,"z":2.166121482849121},"rotation":{"x":-0.14308969676494599,"y":0.1712801307439804,"z":-0.025152653455734254,"w":-0.9744575619697571},"size":10.83103084564209,"orthographic":false}