{"cameraMode":{"drawMode":0,"name":"Shaded","section":"Shading Mode"},"sceneLighting":true,"audioPlay":false,"sceneViewState":{"m_AlwaysRefresh":false,"showFog":true,"showSkybox":true,"showFlares":true,"showImageEffects":true,"showParticleSystems":true,"showVisualEffectGraphs":true,"m_FxEnabled":true},"in2DMode":false,"pivot":{"x":-1.8856585025787354,"y":1.1745545864105225,"z":2.087399959564209},"rotation":{"x":-0.055819179862737659,"y":-0.9397571086883545,"z":0.18678142130374909,"w":-0.28083306550979617},"size":2.323896884918213,"orthographic":false}